state,commodity,arrival_date,modal_price
Bihar,Potato,07/09/2025,1300
Chandigarh,Green Chilli,07/09/2025,2800
Gujarat,Brinjal,07/09/2025,4000
Gujarat,Cauliflower,07/09/2025,3000
Gujarat,Cotton,07/09/2025,6850
Gujarat,Bhindi(Ladies Finger),07/09/2025,1250
Gujarat,Brinjal,07/09/2025,1300
Gujarat,Bottle gourd,07/09/2025,950
Haryana,Onion,07/09/2025,1750
Haryana,Apple,07/09/2025,7800
Haryana,Bottle gourd,07/09/2025,2800
Haryana,Capsicum,07/09/2025,6900
Haryana,Cauliflower,07/09/2025,3900
Haryana,Long Melon(Kakri),07/09/2025,900
Haryana,Mousambi(Sweet Lime),07/09/2025,3300
Haryana,Tomato,07/09/2025,2900
Haryana,Apple,07/09/2025,10000
Haryana,Bottle gourd,07/09/2025,3500
Haryana,Capsicum,07/09/2025,6000
Haryana,Cauliflower,07/09/2025,5000
Haryana,Ginger(Dry),07/09/2025,6500
Haryana,Potato,07/09/2025,1500
Haryana,Apple,07/09/2025,3500
Haryana,Bottle gourd,07/09/2025,1750
Haryana,Capsicum,07/09/2025,5500
Haryana,Ginger(Green),07/09/2025,5000
Haryana,Grapes,07/09/2025,18000
Haryana,Water Melon,07/09/2025,2250
Haryana,Banana,07/09/2025,2000
Haryana,Bhindi(Ladies Finger),07/09/2025,2000
Haryana,Pumpkin,07/09/2025,1000
Haryana,Cucumbar(Kheera),07/09/2025,1100
Haryana,Cabbage,07/09/2025,2400
Haryana,Capsicum,07/09/2025,3800
Haryana,Cucumbar(Kheera),07/09/2025,2400
Haryana,Lemon,07/09/2025,7500
Himachal Pradesh,Apple,07/09/2025,7500
Himachal Pradesh,French Beans (Frasbean),07/09/2025,5250
Himachal Pradesh,Green Chilli,07/09/2025,6500
Himachal Pradesh,Papaya,07/09/2025,4750
Himachal Pradesh,Sponge gourd,07/09/2025,3750
Himachal Pradesh,Apple,07/09/2025,4500
Himachal Pradesh,Onion,07/09/2025,2200
Karnataka,Beans,07/09/2025,2800
Karnataka,Brinjal,07/09/2025,2000
Karnataka,Carrot,07/09/2025,4000
Karnataka,Chilly Capsicum,07/09/2025,5000
Kerala,Banana,07/09/2025,2900
Kerala,Banana - Green,07/09/2025,6500
Kerala,Cabbage,07/09/2025,4500
Kerala,Colacasia,07/09/2025,6500
Kerala,Green Chilli,07/09/2025,4500
Kerala,Banana,07/09/2025,3200
Kerala,Elephant Yam (Suran),07/09/2025,3000
Kerala,Banana,07/09/2025,6000
Kerala,Cowpea(Veg),07/09/2025,6000
Kerala,Banana,07/09/2025,2400
Kerala,Banana,07/09/2025,4200
Kerala,Banana,07/09/2025,2600
Kerala,Amaranthus,07/09/2025,3500
Kerala,Banana,07/09/2025,4000
Kerala,Ginger(Green),07/09/2025,11000
Kerala,Potato,07/09/2025,4000
Kerala,Banana,07/09/2025,5400
Kerala,Brinjal,07/09/2025,3800
Kerala,Carrot,07/09/2025,6200
Kerala,Grapes,07/09/2025,8500
Kerala,Pineapple,07/09/2025,7000
Kerala,Potato,07/09/2025,3000
Kerala,Amaranthus,07/09/2025,2050
Kerala,Drumstick,07/09/2025,3850
Kerala,Garlic,07/09/2025,10450
Kerala,Grapes,07/09/2025,4050
Kerala,Tapioca,07/09/2025,900
Kerala,Snakeguard,07/09/2025,3600
Kerala,Amaranthus,07/09/2025,6000
Kerala,Lemon,07/09/2025,5000
Madhya Pradesh,Arhar (Tur/Red Gram)(Whole),07/09/2025,4500
Madhya Pradesh,Cabbage,07/09/2025,800
Madhya Pradesh,Ginger(Green),07/09/2025,2800
Madhya Pradesh,Onion,07/09/2025,1000
Madhya Pradesh,Pumpkin,07/09/2025,1100
Madhya Pradesh,Tomato,07/09/2025,1000
Madhya Pradesh,Paddy(Dhan)(Common),07/09/2025,3055
Madhya Pradesh,Brinjal,07/09/2025,1050
Madhya Pradesh,Wheat,07/09/2025,2535
Madhya Pradesh,Garlic,07/09/2025,1500
Madhya Pradesh,Soyabean,07/09/2025,4305
Madhya Pradesh,Wheat,07/09/2025,2475
Madhya Pradesh,Wheat,07/09/2025,2581
Madhya Pradesh,Maize,07/09/2025,1550
Madhya Pradesh,Wheat,07/09/2025,2700
Madhya Pradesh,Wheat,07/09/2025,2550
Madhya Pradesh,Wheat,07/09/2025,2508
Madhya Pradesh,Soyabean,07/09/2025,4535
Madhya Pradesh,Wheat,07/09/2025,2616
Madhya Pradesh,Wheat,07/09/2025,2720
Madhya Pradesh,Wheat,07/09/2025,2455
Madhya Pradesh,Bitter gourd,07/09/2025,1100
Madhya Pradesh,Wheat,07/09/2025,2400
Madhya Pradesh,Wheat,07/09/2025,2500
Madhya Pradesh,Bengal Gram(Gram)(Whole),07/09/2025,5500
Madhya Pradesh,Wheat,07/09/2025,2500
Madhya Pradesh,Soyabean,07/09/2025,4390
Madhya Pradesh,Bengal Gram(Gram)(Whole),07/09/2025,5500
Madhya Pradesh,Wheat,07/09/2025,2403
Maharashtra,Brinjal,07/09/2025,800
Maharashtra,Coriander(Leaves),07/09/2025,9
Maharashtra,Cucumbar(Kheera),07/09/2025,1350
Maharashtra,Methi(Leaves),07/09/2025,25
Maharashtra,Paddy(Dhan)(Common),07/09/2025,2500
Maharashtra,Green Gram (Moong)(Whole),07/09/2025,5700
Maharashtra,Drumstick,07/09/2025,6250
Maharashtra,Green Chilli,07/09/2025,3400
Maharashtra,Guar,07/09/2025,5000
Maharashtra,Black Gram (Urd Beans)(Whole),07/09/2025,5500
Maharashtra,Chilly Capsicum,07/09/2025,3300
Maharashtra,Coriander(Leaves),07/09/2025,5800
Maharashtra,Green Chilli,07/09/2025,2200
Maharashtra,Onion,07/09/2025,1300
Maharashtra,Bajra(Pearl Millet/Cumbu),07/09/2025,2400
Maharashtra,Wheat,07/09/2025,2600
Maharashtra,Beetroot,07/09/2025,2400
Maharashtra,Maize,07/09/2025,2100
Maharashtra,Rice,07/09/2025,2600
Maharashtra,Rice,07/09/2025,2600
Maharashtra,Beans,07/09/2025,5900
Maharashtra,Bitter gourd,07/09/2025,4200
Maharashtra,Bottle gourd,07/09/2025,4400
Maharashtra,Cauliflower,07/09/2025,8250
Maharashtra,Snakeguard,07/09/2025,6500
Maharashtra,Potato,07/09/2025,1500
Maharashtra,Tomato,07/09/2025,1700
Maharashtra,Bitter gourd,07/09/2025,1300
Maharashtra,Brinjal,07/09/2025,4000
Maharashtra,Cucumbar(Kheera),07/09/2025,2000
NCT of Delhi,Cock,07/09/2025,92
NCT of Delhi,Fish,07/09/2025,15500
NCT of Delhi,Fish,07/09/2025,40000
Odisha,Brinjal,07/09/2025,3500
Odisha,Bhindi(Ladies Finger),07/09/2025,5000
Odisha,Cauliflower,07/09/2025,7000
Odisha,Banana - Green,07/09/2025,3000
Odisha,Cauliflower,07/09/2025,4000
Odisha,Banana - Green,07/09/2025,2800
Odisha,Ridgeguard(Tori),07/09/2025,5200
Odisha,Pumpkin,07/09/2025,2000
Punjab,Apple,07/09/2025,7500
Punjab,Bhindi(Ladies Finger),07/09/2025,4500
Punjab,Pineapple,07/09/2025,4500
Punjab,Cabbage,07/09/2025,3000
Punjab,Capsicum,07/09/2025,5000
Punjab,Carrot,07/09/2025,2500
Punjab,Ginger(Green),07/09/2025,5500
Punjab,Pineapple,07/09/2025,9000
Punjab,Green Chilli,07/09/2025,2200
Punjab,Onion,07/09/2025,2200
Punjab,Potato,07/09/2025,1800
Punjab,Tomato,07/09/2025,2800
Rajasthan,Cummin Seed(Jeera),07/09/2025,11000
Telangana,Groundnut,07/09/2025,5484
Telangana,Paddy(Dhan)(Common),07/09/2025,2100
Telangana,Paddy(Dhan)(Common),07/09/2025,2300
Tripura,Bitter gourd,07/09/2025,9950
Tripura,Colacasia,07/09/2025,5950
Tripura,Green Chilli,07/09/2025,17500
Tripura,Tomato,07/09/2025,7950
Tripura,Potato,07/09/2025,1800
Uttar Pradesh,Cucumbar(Kheera),07/09/2025,1500
Uttar Pradesh,Potato,07/09/2025,800
Uttar Pradesh,Maize,07/09/2025,2000
Uttar Pradesh,Banana - Green,07/09/2025,1800
Uttar Pradesh,Cabbage,07/09/2025,1680
Uttar Pradesh,Mousambi(Sweet Lime),07/09/2025,3200
Uttar Pradesh,Onion,07/09/2025,1640
Uttar Pradesh,Tomato,07/09/2025,3030
Uttar Pradesh,Wheat,07/09/2025,2550
Uttar Pradesh,Onion,07/09/2025,1500
Uttar Pradesh,Tomato,07/09/2025,2800
Uttar Pradesh,Potato,07/09/2025,1000
Uttar Pradesh,Pumpkin,07/09/2025,700
Uttar Pradesh,Arhar Dal(Tur Dal),07/09/2025,10065
Uttar Pradesh,Bhindi(Ladies Finger),07/09/2025,1650
Uttar Pradesh,Black Gram Dal (Urd Dal),07/09/2025,10030
Uttar Pradesh,Colacasia,07/09/2025,1800
Uttar Pradesh,Cucumbar(Kheera),07/09/2025,1930
Uttar Pradesh,Apple,07/09/2025,5600
Uttar Pradesh,Bottle gourd,07/09/2025,950
Uttar Pradesh,Pomegranate,07/09/2025,5900
Uttar Pradesh,Maize,07/09/2025,1955
Uttar Pradesh,Potato,07/09/2025,900
Uttar Pradesh,Potato,07/09/2025,935
Uttar Pradesh,Bajra(Pearl Millet/Cumbu),07/09/2025,2265
Uttar Pradesh,Banana,07/09/2025,2550
Uttar Pradesh,Lemon,07/09/2025,3485
Uttar Pradesh,Pumpkin,07/09/2025,1150
Uttar Pradesh,White Peas,07/09/2025,3980
Uttar Pradesh,Onion,07/09/2025,1250
Uttar Pradesh,Potato,07/09/2025,550
Uttar Pradesh,Apple,07/09/2025,7100
Uttar Pradesh,Bhindi(Ladies Finger),07/09/2025,1725
Uttar Pradesh,Bottle gourd,07/09/2025,1750
Uttar Pradesh,Cabbage,07/09/2025,1650
Uttar Pradesh,Green Chilli,07/09/2025,3600
Uttar Pradesh,Papaya,07/09/2025,2500
Uttar Pradesh,Pumpkin,07/09/2025,1450
Uttar Pradesh,White Peas,07/09/2025,3150
Uttar Pradesh,Gur(Jaggery),07/09/2025,3980
Uttar Pradesh,Tomato,07/09/2025,2825
Uttar Pradesh,Banana,07/09/2025,2025
Uttar Pradesh,Bottle gourd,07/09/2025,1800
Uttar Pradesh,Potato,07/09/2025,1165
Uttar Pradesh,Rice,07/09/2025,3480
Uttar Pradesh,Arhar Dal(Tur Dal),07/09/2025,10150
Uttar Pradesh,Barley (Jau),07/09/2025,2300
Uttar Pradesh,Mousambi(Sweet Lime),07/09/2025,3250
Uttar Pradesh,Pumpkin,07/09/2025,1630
Uttar Pradesh,Brinjal,07/09/2025,1700
Uttar Pradesh,Tomato,07/09/2025,3000
Uttar Pradesh,Arhar Dal(Tur Dal),07/09/2025,9880
Uttar Pradesh,Brinjal,07/09/2025,1680
Uttar Pradesh,Ginger(Green),07/09/2025,4350
Uttar Pradesh,Lemon,07/09/2025,3500
Uttar Pradesh,Mousambi(Sweet Lime),07/09/2025,3350
Uttar Pradesh,Pointed gourd (Parval),07/09/2025,3525
Uttar Pradesh,Potato,07/09/2025,1100
Uttar Pradesh,Pumpkin,07/09/2025,1250
Uttar Pradesh,Tomato,07/09/2025,2975
Uttar Pradesh,Wood,07/09/2025,700
Uttar Pradesh,Wood,07/09/2025,505
Uttar Pradesh,Bhindi(Ladies Finger),07/09/2025,1775
Uttar Pradesh,Bitter gourd,07/09/2025,2550
Uttar Pradesh,Brinjal,07/09/2025,2000
Uttar Pradesh,Green Chilli,07/09/2025,3900
Uttrakhand,Beans,07/09/2025,550
Uttrakhand,Bitter gourd,07/09/2025,600
Uttrakhand,Cucumbar(Kheera),07/09/2025,600
Uttrakhand,Banana,07/09/2025,1200
Uttrakhand,Brinjal,07/09/2025,1000
Uttrakhand,Cucumbar(Kheera),07/09/2025,1000
Uttrakhand,Tomato,07/09/2025,2000
Uttrakhand,Potato,07/09/2025,1000
Uttrakhand,Rice,07/09/2025,3538
Uttrakhand,Rice,07/09/2025,3850
West Bengal,Onion,07/09/2025,1700
West Bengal,Sweet Pumpkin,07/09/2025,2200
West Bengal,Squash(Chappal Kadoo),07/09/2025,1700
West Bengal,Banana,07/09/2025,1900
West Bengal,Onion,07/09/2025,2400
West Bengal,Rice,07/09/2025,3600
West Bengal,Tomato,07/09/2025,4600
West Bengal,Bhindi(Ladies Finger),07/09/2025,5600
West Bengal,Brinjal,07/09/2025,6300
West Bengal,Carrot,07/09/2025,4300
West Bengal,Onion,07/09/2025,1850
West Bengal,Jute,07/09/2025,7850
West Bengal,Bitter gourd,07/09/2025,5000
West Bengal,Brinjal,07/09/2025,4600
West Bengal,Onion,07/09/2025,1400
West Bengal,Wheat,07/09/2025,2650
West Bengal,Mustard,07/09/2025,7050
West Bengal,Wheat,07/09/2025,2875
West Bengal,Mustard,07/09/2025,6100
West Bengal,Paddy(Dhan)(Common),07/09/2025,2300
West Bengal,Green Chilli,07/09/2025,3900
West Bengal,Paddy(Dhan)(Common),07/09/2025,2330
West Bengal,Rice,07/09/2025,3340
West Bengal,Rice,07/09/2025,3350
West Bengal,Moath Dal,07/09/2025,9900
West Bengal,Onion,07/09/2025,2100
West Bengal,Rice,07/09/2025,3560
Andhra Pradesh,Tomato,07/09/2025,1600
Chandigarh,Bottle gourd,07/09/2025,2300
Chandigarh,Cauliflower,07/09/2025,4000
Chandigarh,Mousambi(Sweet Lime),07/09/2025,3500
Chandigarh,Tomato,07/09/2025,2400
Gujarat,Bottle gourd,07/09/2025,3000
Gujarat,Green Chilli,07/09/2025,3000
Gujarat,Lemon,07/09/2025,4000
Gujarat,Potato,07/09/2025,1200
Gujarat,Tomato,07/09/2025,1250
Gujarat,Brinjal,07/09/2025,1300
Gujarat,Tomato,07/09/2025,2300
Gujarat,Banana,07/09/2025,1950
Gujarat,Bhindi(Ladies Finger),07/09/2025,3750
Gujarat,Brinjal,07/09/2025,4500
Gujarat,Capsicum,07/09/2025,4250
Gujarat,Green Chilli,07/09/2025,3000
Gujarat,Tomato,07/09/2025,2750
Haryana,Cabbage,07/09/2025,1580
Haryana,Apple,07/09/2025,7500
Haryana,Carrot,07/09/2025,2000
Haryana,Bhindi(Ladies Finger),07/09/2025,4900
Haryana,Bitter gourd,07/09/2025,3400
Haryana,Ridgeguard(Tori),07/09/2025,3900
Haryana,Bhindi(Ladies Finger),07/09/2025,3800
Haryana,Cabbage,07/09/2025,2200
Haryana,Cucumbar(Kheera),07/09/2025,3000
Haryana,French Beans (Frasbean),07/09/2025,5000
Haryana,Lemon,07/09/2025,4000
Haryana,Peas Wet,07/09/2025,16000
Haryana,Banana,07/09/2025,1850
Haryana,Brinjal,07/09/2025,2500
Haryana,Cauliflower,07/09/2025,2600
Haryana,Grapes,07/09/2025,15000
Haryana,Orange,07/09/2025,14000
Haryana,Orange,07/09/2025,10000
Haryana,Tomato,07/09/2025,2100
Haryana,Banana,07/09/2025,2000
Haryana,Bottle gourd,07/09/2025,1000
Haryana,Cucumbar(Kheera),07/09/2025,2000
Haryana,Potato,07/09/2025,1000
Haryana,Cauliflower,07/09/2025,3800
Haryana,Garlic,07/09/2025,8500
Haryana,Green Chilli,07/09/2025,5500
Haryana,Potato,07/09/2025,1300
Haryana,Raddish,07/09/2025,1800
Himachal Pradesh,Bhindi(Ladies Finger),07/09/2025,4750
Himachal Pradesh,Potato,07/09/2025,1300
Karnataka,Ashgourd,07/09/2025,2800
Karnataka,Capsicum,07/09/2025,5000
Karnataka,Cucumbar(Kheera),07/09/2025,500
Kerala,Banana,07/09/2025,4000
Kerala,Ashgourd,07/09/2025,3500
Kerala,Brinjal,07/09/2025,4500
Kerala,Carrot,07/09/2025,7500
Kerala,Bhindi(Ladies Finger),07/09/2025,5000
Kerala,Cabbage,07/09/2025,5000
Kerala,Drumstick,07/09/2025,10000
Kerala,Pumpkin,07/09/2025,4000
Kerala,Banana,07/09/2025,5200
Kerala,Ashgourd,07/09/2025,2000
Kerala,Cucumbar(Kheera),07/09/2025,3500
Kerala,Pumpkin,07/09/2025,3000
Kerala,Banana - Green,07/09/2025,4200
Kerala,Cowpea(Veg),07/09/2025,10500
Kerala,Ginger(Green),07/09/2025,7800
Kerala,Orange,07/09/2025,8500
Kerala,Tomato,07/09/2025,3500
Kerala,Ashgourd,07/09/2025,2650
Kerala,Banana,07/09/2025,4350
Kerala,Bottle gourd,07/09/2025,2750
Kerala,Colacasia,07/09/2025,5250
Kerala,Coriander(Leaves),07/09/2025,6050
Kerala,French Beans (Frasbean),07/09/2025,4650
Kerala,Mango,07/09/2025,7450
Kerala,Brinjal,07/09/2025,1900
Kerala,Drumstick,07/09/2025,2400
Kerala,Green Avare (W),07/09/2025,3400
Kerala,Green Chilli,07/09/2025,6900
Kerala,Onion,07/09/2025,2400
Kerala,Tomato,07/09/2025,2200
Kerala,Bhindi(Ladies Finger),07/09/2025,7500
Kerala,Cluster beans,07/09/2025,4000
Kerala,Elephant Yam (Suran),07/09/2025,4000
Kerala,Pineapple,07/09/2025,6800
Madhya Pradesh,Paddy(Dhan)(Common),07/09/2025,2100
Madhya Pradesh,Green Chilli,07/09/2025,1000
Madhya Pradesh,Potato,07/09/2025,1000
Madhya Pradesh,Bhindi(Ladies Finger),07/09/2025,2000
Madhya Pradesh,Other green and fresh vegetables,07/09/2025,2000
Madhya Pradesh,Mustard,07/09/2025,6650
Madhya Pradesh,Mustard,07/09/2025,6850
Madhya Pradesh,Wheat,07/09/2025,2509
Madhya Pradesh,Wheat,07/09/2025,2502
Madhya Pradesh,Black Gram (Urd Beans)(Whole),07/09/2025,7450
Madhya Pradesh,Soyabean,07/09/2025,3450
Madhya Pradesh,Wheat,07/09/2025,2600
Madhya Pradesh,Maize,07/09/2025,1300
Madhya Pradesh,Lentil (Masur)(Whole),07/09/2025,6605
Madhya Pradesh,Wheat,07/09/2025,2600
Madhya Pradesh,Wheat,07/09/2025,2530
Madhya Pradesh,Bottle gourd,07/09/2025,700
Madhya Pradesh,Cauliflower,07/09/2025,700
Madhya Pradesh,Green Chilli,07/09/2025,2200
Madhya Pradesh,Potato,07/09/2025,900
Madhya Pradesh,Raddish,07/09/2025,600
Madhya Pradesh,Mustard,07/09/2025,6700
Madhya Pradesh,Wheat,07/09/2025,2640
Madhya Pradesh,Wheat,07/09/2025,2600
Madhya Pradesh,Paddy(Dhan)(Common),07/09/2025,1850
Madhya Pradesh,Wheat,07/09/2025,2350
Madhya Pradesh,Wheat,07/09/2025,2515
Madhya Pradesh,Mustard,07/09/2025,6000
Madhya Pradesh,Wheat,07/09/2025,2600
Madhya Pradesh,Soyabean,07/09/2025,4425
Maharashtra,Lime,07/09/2025,3000
Maharashtra,Raddish,07/09/2025,2
Maharashtra,Black Gram (Urd Beans)(Whole),07/09/2025,5500
Maharashtra,Soyabean,07/09/2025,4150
Maharashtra,Black Gram (Urd Beans)(Whole),07/09/2025,5171
Maharashtra,Soyabean,07/09/2025,3400
Maharashtra,Bajra(Pearl Millet/Cumbu),07/09/2025,2350
Maharashtra,Arhar (Tur/Red Gram)(Whole),07/09/2025,6512
Maharashtra,Green Gram (Moong)(Whole),07/09/2025,4561
Maharashtra,Brinjal,07/09/2025,2600
Maharashtra,Cabbage,07/09/2025,1100
Maharashtra,Cauliflower,07/09/2025,3400
Maharashtra,Cucumbar(Kheera),07/09/2025,1100
Maharashtra,Potato,07/09/2025,1600
Maharashtra,Bengal Gram(Gram)(Whole),07/09/2025,5050
Maharashtra,Bhindi(Ladies Finger),07/09/2025,4500
Maharashtra,Brinjal,07/09/2025,4000
Maharashtra,Cucumbar(Kheera),07/09/2025,2000
Maharashtra,Tomato,07/09/2025,1750
Maharashtra,Bajra(Pearl Millet/Cumbu),07/09/2025,2700
Maharashtra,Jowar(Sorghum),07/09/2025,3000
Maharashtra,Tomato,07/09/2025,3250
Maharashtra,Brinjal,07/09/2025,3500
Maharashtra,Onion,07/09/2025,800
NCT of Delhi,Fish,07/09/2025,10500
NCT of Delhi,Fish,07/09/2025,24000
NCT of Delhi,Fish,07/09/2025,10000
NCT of Delhi,Fish,07/09/2025,8000
NCT of Delhi,Fish,07/09/2025,48500
NCT of Delhi,Fish,07/09/2025,38500
Odisha,Bhindi(Ladies Finger),07/09/2025,2400
Odisha,Banana - Green,07/09/2025,4000
Odisha,Tomato,07/09/2025,4000
Odisha,Tomato,07/09/2025,3200
Odisha,Potato,07/09/2025,1500
Odisha,Onion,07/09/2025,1800
Odisha,Pumpkin,07/09/2025,2000
Odisha,Tomato,07/09/2025,3200
Punjab,Pumpkin,07/09/2025,350
Punjab,Bitter gourd,07/09/2025,4500
Punjab,Field Pea,07/09/2025,11000
Punjab,Ginger(Dry),07/09/2025,7500
Punjab,Lemon,07/09/2025,6000
Punjab,Raddish,07/09/2025,3500
Punjab,Banana,07/09/2025,3250
Punjab,Cauliflower,07/09/2025,4500
Punjab,Lemon,07/09/2025,4750
Punjab,Mousambi(Sweet Lime),07/09/2025,2750
Punjab,Onion,07/09/2025,2000
Punjab,Potato,07/09/2025,700
Punjab,Banana,07/09/2025,3000
Punjab,Bitter gourd,07/09/2025,2400
Punjab,Round gourd,07/09/2025,2600
Rajasthan,Mustard,07/09/2025,6900
Tripura,Ginger(Green),07/09/2025,14500
Tripura,Pointed gourd (Parval),07/09/2025,7950
Uttar Pradesh,Onion,07/09/2025,1175
Uttar Pradesh,Potato,07/09/2025,1000
Uttar Pradesh,Tomato,07/09/2025,2565
Uttar Pradesh,Cabbage,07/09/2025,1400
Uttar Pradesh,Capsicum,07/09/2025,1400
Uttar Pradesh,Sponge gourd,07/09/2025,1300
Uttar Pradesh,Maize,07/09/2025,1990
Uttar Pradesh,Bitter gourd,07/09/2025,2495
Uttar Pradesh,Brinjal,07/09/2025,1770
Uttar Pradesh,Cucumbar(Kheera),07/09/2025,1900
Uttar Pradesh,Green Chilli,07/09/2025,4100
Uttar Pradesh,Potato,07/09/2025,1050
Uttar Pradesh,Potato,07/09/2025,1130
Uttar Pradesh,Potato,07/09/2025,990
Uttar Pradesh,Bottle gourd,07/09/2025,800
Uttar Pradesh,Apple,07/09/2025,7600
Uttar Pradesh,Bengal Gram Dal (Chana Dal),07/09/2025,7625
Uttar Pradesh,Pumpkin,07/09/2025,1410
Uttar Pradesh,Pumpkin,07/09/2025,950
Uttar Pradesh,Bajra(Pearl Millet/Cumbu),07/09/2025,2105
Uttar Pradesh,Wheat,07/09/2025,2455
Uttar Pradesh,Tomato,07/09/2025,2420
Uttar Pradesh,Tomato,07/09/2025,3050
Uttar Pradesh,Black Gram Dal (Urd Dal),07/09/2025,9740
Uttar Pradesh,Bottle gourd,07/09/2025,1285
Uttar Pradesh,Brinjal,07/09/2025,1830
Uttar Pradesh,Cauliflower,07/09/2025,3150
Uttar Pradesh,Peas(Dry),07/09/2025,3200
Uttar Pradesh,Tomato,07/09/2025,2850
Uttar Pradesh,Wheat,07/09/2025,2490
Uttar Pradesh,Barley (Jau),07/09/2025,2310
Uttar Pradesh,Cauliflower,07/09/2025,2800
Uttar Pradesh,Lime,07/09/2025,3350
Uttar Pradesh,Tomato,07/09/2025,2700
Uttar Pradesh,Onion,07/09/2025,1360
Uttar Pradesh,Bengal Gram(Gram)(Whole),07/09/2025,5600
Uttar Pradesh,Bhindi(Ladies Finger),07/09/2025,1560
Uttar Pradesh,Brinjal,07/09/2025,1780
Uttar Pradesh,Garlic,07/09/2025,5700
Uttar Pradesh,Groundnut,07/09/2025,4850
Uttar Pradesh,Mustard,07/09/2025,6350
Uttar Pradesh,Rice,07/09/2025,3380
Uttar Pradesh,Tomato,07/09/2025,2850
Uttar Pradesh,Wheat,07/09/2025,2480
Uttar Pradesh,Banana,07/09/2025,2600
Uttar Pradesh,Bengal Gram(Gram)(Whole),07/09/2025,6630
Uttar Pradesh,Green Chilli,07/09/2025,4000
Uttar Pradesh,Maize,07/09/2025,2230
Uttar Pradesh,Onion,07/09/2025,1400
Uttar Pradesh,Potato,07/09/2025,995
Uttar Pradesh,Bhindi(Ladies Finger),07/09/2025,1100
Uttar Pradesh,Onion,07/09/2025,1420
Uttar Pradesh,Black Gram (Urd Beans)(Whole),07/09/2025,8850
Uttar Pradesh,Cauliflower,07/09/2025,2850
Uttar Pradesh,Cucumbar(Kheera),07/09/2025,1875
Uttar Pradesh,Onion,07/09/2025,1400
Uttar Pradesh,Pomegranate,07/09/2025,6960
Uttar Pradesh,Apple,07/09/2025,7300
Uttar Pradesh,Banana - Green,07/09/2025,1850
Uttar Pradesh,Cabbage,07/09/2025,1770
Uttar Pradesh,Ginger(Green),07/09/2025,4500
Uttar Pradesh,Mousambi(Sweet Lime),07/09/2025,3425
Uttar Pradesh,Pomegranate,07/09/2025,7000
Uttrakhand,Brinjal,07/09/2025,500
Uttrakhand,Carrot,07/09/2025,900
Uttrakhand,Cauliflower,07/09/2025,900
Uttrakhand,Tomato,07/09/2025,1500
West Bengal,Rice,07/09/2025,4400
West Bengal,Cabbage,07/09/2025,3200
West Bengal,Ginger(Green),07/09/2025,7900
West Bengal,Potato,07/09/2025,2200
West Bengal,Tomato,07/09/2025,4500
West Bengal,Cabbage,07/09/2025,2400
West Bengal,Black Gram Dal (Urd Dal),07/09/2025,10700
West Bengal,Ginger(Green),07/09/2025,5800
West Bengal,Green Chilli,07/09/2025,6000
West Bengal,Rice,07/09/2025,4700
West Bengal,Tomato,07/09/2025,3400
West Bengal,Bengal Gram Dal (Chana Dal),07/09/2025,8500
West Bengal,Brinjal,07/09/2025,5600
West Bengal,Green Chilli,07/09/2025,8000
West Bengal,Jute,07/09/2025,7600
West Bengal,Pumpkin,07/09/2025,1900
West Bengal,Rice,07/09/2025,3710
West Bengal,Brinjal,07/09/2025,3500
West Bengal,Onion,07/09/2025,2200
West Bengal,Onion,07/09/2025,2000
West Bengal,Potato,07/09/2025,1260
West Bengal,Rice,07/09/2025,4450
West Bengal,Tomato,07/09/2025,4450
West Bengal,Mustard,07/09/2025,6375
West Bengal,Onion,07/09/2025,1700
West Bengal,Onion,07/09/2025,1400
West Bengal,Potato,07/09/2025,1060
West Bengal,Rice,07/09/2025,4500
West Bengal,Tomato,07/09/2025,4100
West Bengal,Brinjal,07/09/2025,2700
West Bengal,Rice,07/09/2025,3300
West Bengal,Rice,07/09/2025,3550
West Bengal,Rice,07/09/2025,3270
West Bengal,Tomato,07/09/2025,2800
West Bengal,Paddy(Dhan)(Common),07/09/2025,2310
West Bengal,Brinjal,07/09/2025,3000
West Bengal,Masur Dal,07/09/2025,9500
Andhra Pradesh,Tomato,07/09/2025,1340
Bihar,Onion,07/09/2025,3000
Chandigarh,Apple,07/09/2025,8000
Chandigarh,Cucumbar(Kheera),07/09/2025,2300
Gujarat,Bhindi(Ladies Finger),07/09/2025,3000
Gujarat,Cucumbar(Kheera),07/09/2025,1600
Gujarat,Potato,07/09/2025,1400
Gujarat,Cotton,07/09/2025,6875
Gujarat,Potato,07/09/2025,1750
Gujarat,Tomato,07/09/2025,2500
Gujarat,Bottle gourd,07/09/2025,1200
Gujarat,Potato,07/09/2025,1200
Gujarat,Onion,07/09/2025,1300
Gujarat,Banana,07/09/2025,1375
Gujarat,Bottle gourd,07/09/2025,3250
Gujarat,Coriander(Leaves),07/09/2025,5500
Gujarat,Potato,07/09/2025,1550
Haryana,Raddish,07/09/2025,2140
Haryana,Bitter gourd,07/09/2025,2000
Haryana,Bottle gourd,07/09/2025,1500
Haryana,Cabbage,07/09/2025,1500
Haryana,Tomato,07/09/2025,2000
Haryana,Onion,07/09/2025,1600
Haryana,Bitter gourd,07/09/2025,3500
Haryana,Chikoos(Sapota),07/09/2025,6000
Haryana,Garlic,07/09/2025,8000
Haryana,Guava,07/09/2025,2500
Haryana,Pomegranate,07/09/2025,10000
Haryana,Raddish,07/09/2025,2500
Haryana,Ridgeguard(Tori),07/09/2025,3800
Haryana,Spinach,07/09/2025,4000
Haryana,Tomato,07/09/2025,3500
Haryana,Banana,07/09/2025,2500
Haryana,Bitter gourd,07/09/2025,3000
Haryana,Cabbage,07/09/2025,1600
Haryana,Coriander(Leaves),07/09/2025,6500
Haryana,Mousambi(Sweet Lime),07/09/2025,2500
Haryana,Onion,07/09/2025,1300
Haryana,Peas Wet,07/09/2025,12000
Haryana,Pomegranate,07/09/2025,4500
Haryana,Tomato,07/09/2025,2900
Haryana,Cauliflower,07/09/2025,1500
Haryana,Banana,07/09/2025,2000
Haryana,Bottle gourd,07/09/2025,3200
Haryana,Brinjal,07/09/2025,3500
Haryana,Onion,07/09/2025,1800
Himachal Pradesh,Capsicum,07/09/2025,7750
Himachal Pradesh,Potato,07/09/2025,1500
Karnataka,Bhindi(Ladies Finger),07/09/2025,2800
Karnataka,Bottle gourd,07/09/2025,1600
Karnataka,Brinjal,07/09/2025,2000
Karnataka,Cauliflower,07/09/2025,2000
Karnataka,Green Chilli,07/09/2025,4000
Karnataka,Knool Khol,07/09/2025,2800
Karnataka,Tomato,07/09/2025,2000
Kerala,Bottle gourd,07/09/2025,4500
Kerala,Cowpea(Veg),07/09/2025,4500
Kerala,Drumstick,07/09/2025,6000
Kerala,Banana,07/09/2025,3200
Kerala,Banana,07/09/2025,7000
Kerala,Banana,07/09/2025,8000
Kerala,Banana,07/09/2025,5000
Kerala,Brinjal,07/09/2025,8000
Kerala,Potato,07/09/2025,4000
Kerala,Ashgourd,07/09/2025,3200
Kerala,Banana,07/09/2025,4800
Kerala,Banana,07/09/2025,3000
Kerala,Banana - Green,07/09/2025,7000
Kerala,Colacasia,07/09/2025,4500
Kerala,Green Chilli,07/09/2025,5000
Kerala,Indian Beans (Seam),07/09/2025,6000
Kerala,Little gourd (Kundru),07/09/2025,5500
Kerala,Snakeguard,07/09/2025,4000
Kerala,Tapioca,07/09/2025,3000
Kerala,Tomato,07/09/2025,4500
Kerala,Amphophalus,07/09/2025,6400
Kerala,Onion,07/09/2025,2500
Kerala,Pumpkin,07/09/2025,3400
Kerala,Snakeguard,07/09/2025,4200
Kerala,Apple,07/09/2025,15050
Kerala,Capsicum,07/09/2025,7050
Kerala,Coconut,07/09/2025,6050
Kerala,Lime,07/09/2025,6950
Kerala,Pepper ungarbled,07/09/2025,65950
Kerala,Pumpkin,07/09/2025,2950
Kerala,Rice,07/09/2025,4850
Kerala,Snakeguard,07/09/2025,3850
Kerala,Bitter gourd,07/09/2025,2900
Kerala,Cowpea(Veg),07/09/2025,3400
Kerala,Little gourd (Kundru),07/09/2025,3900
Kerala,Beetroot,07/09/2025,3800
Kerala,Brinjal,07/09/2025,5000
Kerala,Colacasia,07/09/2025,7000
Kerala,Tomato,07/09/2025,3000
Madhya Pradesh,Green Gram (Moong)(Whole),07/09/2025,6500
Madhya Pradesh,Wheat,07/09/2025,2500
Madhya Pradesh,Maize,07/09/2025,2000
Madhya Pradesh,Bitter gourd,07/09/2025,1200
Madhya Pradesh,Sponge gourd,07/09/2025,1400
Madhya Pradesh,Cabbage,07/09/2025,1150
Madhya Pradesh,Coriander(Leaves),07/09/2025,4100
Madhya Pradesh,Tomato,07/09/2025,1900
Madhya Pradesh,Wheat,07/09/2025,2580
Madhya Pradesh,Wheat,07/09/2025,2530
Madhya Pradesh,Kabuli Chana(Chickpeas-White),07/09/2025,7716
Madhya Pradesh,Wheat,07/09/2025,2400
Madhya Pradesh,Soyabean,07/09/2025,4170
Madhya Pradesh,Garlic,07/09/2025,2500
Madhya Pradesh,Onion,07/09/2025,600
Madhya Pradesh,Kabuli Chana(Chickpeas-White),07/09/2025,9200
Madhya Pradesh,Wheat,07/09/2025,2500
Madhya Pradesh,Mustard,07/09/2025,6805
Madhya Pradesh,Paddy(Dhan)(Common),07/09/2025,3200
Madhya Pradesh,Onion,07/09/2025,500
Madhya Pradesh,Chili Red,07/09/2025,11000
Madhya Pradesh,Garlic,07/09/2025,3200
Madhya Pradesh,Green Gram (Moong)(Whole),07/09/2025,6690
Madhya Pradesh,Bhindi(Ladies Finger),07/09/2025,800
Madhya Pradesh,Onion,07/09/2025,1100
Madhya Pradesh,Other green and fresh vegetables,07/09/2025,700
Madhya Pradesh,Papaya,07/09/2025,700
Madhya Pradesh,Wheat,07/09/2025,2560
Madhya Pradesh,Wheat,07/09/2025,2430
Madhya Pradesh,Wheat,07/09/2025,2500
Madhya Pradesh,Wheat,07/09/2025,2400
Madhya Pradesh,Wheat,07/09/2025,2400
Madhya Pradesh,Maize,07/09/2025,2204
Madhya Pradesh,Wheat,07/09/2025,2550
Maharashtra,Bhindi(Ladies Finger),07/09/2025,2000
Maharashtra,Cabbage,07/09/2025,700
Maharashtra,Carrot,07/09/2025,1500
Maharashtra,Ginger(Green),07/09/2025,3000
Maharashtra,Onion Green,07/09/2025,9
Maharashtra,Ridgeguard(Tori),07/09/2025,2500
Maharashtra,Green Gram (Moong)(Whole),07/09/2025,6100
Maharashtra,Maize,07/09/2025,1850
Maharashtra,Arhar (Tur/Red Gram)(Whole),07/09/2025,6252
Maharashtra,Jowar(Sorghum),07/09/2025,2600
Maharashtra,Maize,07/09/2025,2250
Maharashtra,Coriander(Leaves),07/09/2025,8
Maharashtra,Onion,07/09/2025,1200
Maharashtra,Wheat,07/09/2025,2400
Maharashtra,Carrot,07/09/2025,5000
Maharashtra,Bitter gourd,07/09/2025,3200
Maharashtra,Drumstick,07/09/2025,5500
Maharashtra,Onion,07/09/2025,1500
Maharashtra,Peas Wet,07/09/2025,9000
NCT of Delhi,Fish,07/09/2025,12500
NCT of Delhi,Fish,07/09/2025,16000
NCT of Delhi,Fish,07/09/2025,20000
NCT of Delhi,Fish,07/09/2025,11000
NCT of Delhi,Fish,07/09/2025,11500
NCT of Delhi,Fish,07/09/2025,25000
NCT of Delhi,Fish,07/09/2025,14500
NCT of Delhi,Fish,07/09/2025,24500
NCT of Delhi,Hen,07/09/2025,35
Odisha,Onion,07/09/2025,1700
Odisha,Potato,07/09/2025,2100
Odisha,Bhindi(Ladies Finger),07/09/2025,3000
Odisha,Pointed gourd (Parval),07/09/2025,4500
Odisha,Potato,07/09/2025,1000
Odisha,Brinjal,07/09/2025,4500
Odisha,Drumstick,07/09/2025,6800
Odisha,Pointed gourd (Parval),07/09/2025,6200
Punjab,Bhindi(Ladies Finger),07/09/2025,1200
Punjab,Cabbage,07/09/2025,2800
Punjab,Cauliflower,07/09/2025,6500
Punjab,Papaya,07/09/2025,4500
Punjab,Tomato,07/09/2025,4000
Punjab,Bhindi(Ladies Finger),07/09/2025,2500
Punjab,Brinjal,07/09/2025,2400
Punjab,Green Chilli,07/09/2025,2200
Punjab,Pumpkin,07/09/2025,1300
Punjab,Green Chilli,07/09/2025,4000
Punjab,Ridgeguard(Tori),07/09/2025,3250
Punjab,Carrot,07/09/2025,2800
Punjab,Cauliflower,07/09/2025,6000
Rajasthan,Bengal Gram(Gram)(Whole),07/09/2025,5250
Telangana,Paddy(Dhan)(Common),07/09/2025,2300
Telangana,Paddy(Dhan)(Common),07/09/2025,2300
Telangana,Groundnut,07/09/2025,4859
Tripura,Potato,07/09/2025,2450
Uttar Pradesh,Bitter gourd,07/09/2025,1400
Uttar Pradesh,Apple,07/09/2025,8000
Uttar Pradesh,Bottle gourd,07/09/2025,1450
Uttar Pradesh,Cauliflower,07/09/2025,3250
Uttar Pradesh,Onion,07/09/2025,1425
Uttar Pradesh,Raddish,07/09/2025,2100
Uttar Pradesh,Brinjal,07/09/2025,1825
Uttar Pradesh,Green Chilli,07/09/2025,4630
Uttar Pradesh,Paddy(Dhan)(Common),07/09/2025,2140
Uttar Pradesh,Onion,07/09/2025,1460
Uttar Pradesh,Raddish,07/09/2025,900
Uttar Pradesh,Tomato,07/09/2025,2000
Uttar Pradesh,Paddy(Dhan)(Basmati),07/09/2025,2911
Uttar Pradesh,Raddish,07/09/2025,1998
Uttar Pradesh,Ridgeguard(Tori),07/09/2025,1865
Uttar Pradesh,Wheat,07/09/2025,2575
Uttar Pradesh,Cucumbar(Kheera),07/09/2025,2150
Uttar Pradesh,Mousambi(Sweet Lime),07/09/2025,1850
Uttar Pradesh,Paddy(Dhan)(Basmati),07/09/2025,2650
Uttar Pradesh,Tomato,07/09/2025,2450
Uttar Pradesh,Wheat,07/09/2025,2570
Uttar Pradesh,Maize,07/09/2025,2225
Uttar Pradesh,Cabbage,07/09/2025,1610
Uttar Pradesh,Garlic,07/09/2025,5840
Uttar Pradesh,Ginger(Green),07/09/2025,3530
Uttar Pradesh,Green Gram Dal (Moong Dal),07/09/2025,9565
Uttar Pradesh,Lentil (Masur)(Whole),07/09/2025,7170
Uttar Pradesh,Rice,07/09/2025,3400
Uttar Pradesh,Bajra(Pearl Millet/Cumbu),07/09/2025,2245
Uttar Pradesh,Banana,07/09/2025,2200
Uttar Pradesh,Green Peas,07/09/2025,10200
Uttar Pradesh,Mustard,07/09/2025,6740
Uttar Pradesh,Rice,07/09/2025,3470
Uttar Pradesh,Spinach,07/09/2025,2000
Uttar Pradesh,Onion,07/09/2025,1370
Uttar Pradesh,Barley (Jau),07/09/2025,2350
Uttar Pradesh,Apple,07/09/2025,7150
Uttar Pradesh,Banana,07/09/2025,2250
Uttar Pradesh,Green Chilli,07/09/2025,4050
Uttar Pradesh,Mustard Oil,07/09/2025,1540
Uttar Pradesh,Pomegranate,07/09/2025,5550
Uttar Pradesh,White Peas,07/09/2025,3425
Uttar Pradesh,Garlic,07/09/2025,5200
Uttar Pradesh,Mustard,07/09/2025,7000
Uttar Pradesh,Pumpkin,07/09/2025,1575
Uttar Pradesh,Tomato,07/09/2025,2570
Uttar Pradesh,Bottle gourd,07/09/2025,800
Uttar Pradesh,Brinjal,07/09/2025,1500
Uttar Pradesh,Potato,07/09/2025,810
Uttar Pradesh,Tomato,07/09/2025,2780
Uttar Pradesh,Potato,07/09/2025,960
Uttar Pradesh,Bitter gourd,07/09/2025,2375
Uttar Pradesh,Colacasia,07/09/2025,1725
Uttar Pradesh,Garlic,07/09/2025,5900
Uttar Pradesh,Guava,07/09/2025,2275
Uttar Pradesh,Rice,07/09/2025,3160
Uttar Pradesh,Spinach,07/09/2025,1925
Uttar Pradesh,Apple,07/09/2025,7500
Uttar Pradesh,Onion,07/09/2025,1500
Uttar Pradesh,Potato,07/09/2025,1000
Uttar Pradesh,Bottle gourd,07/09/2025,1700
Uttar Pradesh,Garlic,07/09/2025,6050
Uttar Pradesh,Guava,07/09/2025,2200
Uttar Pradesh,Onion,07/09/2025,1530
Uttar Pradesh,Onion,07/09/2025,1445
Uttrakhand,Bhindi(Ladies Finger),07/09/2025,600
Uttrakhand,Potato,07/09/2025,1000
Uttrakhand,Bhindi(Ladies Finger),07/09/2025,1200
Uttrakhand,Onion,07/09/2025,1200
West Bengal,Potato,07/09/2025,1120
West Bengal,Rice,07/09/2025,3600
West Bengal,Wheat,07/09/2025,3000
West Bengal,Onion,07/09/2025,2900
West Bengal,Carrot,07/09/2025,5200
West Bengal,French Beans (Frasbean),07/09/2025,9000
West Bengal,Onion,07/09/2025,2900
West Bengal,Tomato,07/09/2025,4400
West Bengal,Masur Dal,07/09/2025,11900
West Bengal,Bhindi(Ladies Finger),07/09/2025,6000
West Bengal,Bitter gourd,07/09/2025,5700
West Bengal,Mustard,07/09/2025,6100
West Bengal,Potato,07/09/2025,1350
West Bengal,Potato,07/09/2025,1500
West Bengal,Rice,07/09/2025,3965
West Bengal,Paddy(Dhan)(Common),07/09/2025,2350
West Bengal,Jute,07/09/2025,8100
West Bengal,Rice,07/09/2025,3800
West Bengal,Tomato,07/09/2025,4200
West Bengal,Brinjal,07/09/2025,4100
West Bengal,Green Gram Dal (Moong Dal),07/09/2025,11400
West Bengal,Masur Dal,07/09/2025,9450
West Bengal,Peas(Dry),07/09/2025,6400
West Bengal,Potato,07/09/2025,1060
West Bengal,Sweet Pumpkin,07/09/2025,1550
West Bengal,Wheat,07/09/2025,2875
West Bengal,Mustard Oil,07/09/2025,15650
West Bengal,"Sesamum(Sesame,Gingelly,Til)",07/09/2025,6300
West Bengal,Ginger(Dry),07/09/2025,6200
West Bengal,Jute,07/09/2025,7800
West Bengal,Onion,07/09/2025,2100
West Bengal,Potato,07/09/2025,1260
West Bengal,Gur(Jaggery),07/09/2025,3500
Bihar,Onion,07/09/2025,2900
Chandigarh,Peas Wet,07/09/2025,9000
Gujarat,Coriander(Leaves),07/09/2025,4000
Gujarat,Ginger(Green),07/09/2025,4000
Gujarat,Cotton,07/09/2025,6900
Gujarat,Tomato,07/09/2025,2000
Gujarat,Coriander(Leaves),07/09/2025,1400
Gujarat,Onion,07/09/2025,1600
Gujarat,Potato,07/09/2025,1300
Gujarat,Potato,07/09/2025,800
Gujarat,Cabbage,07/09/2025,1750
Gujarat,Pointed gourd (Parval),07/09/2025,5500
Haryana,Apple,07/09/2025,7580
Haryana,Banana,07/09/2025,5980
Haryana,Mousambi(Sweet Lime),07/09/2025,2980
Haryana,Tomato,07/09/2025,4540
Haryana,Cauliflower,07/09/2025,3000
Haryana,Guava,07/09/2025,3000
Haryana,Onion,07/09/2025,1500
Haryana,Potato,07/09/2025,900
Haryana,Brinjal,07/09/2025,2400
Haryana,Cucumbar(Kheera),07/09/2025,2400
Haryana,Guava,07/09/2025,2900
Haryana,Mango,07/09/2025,9000
Haryana,Onion Green,07/09/2025,3400
Haryana,Potato,07/09/2025,900
Haryana,Beetroot,07/09/2025,3300
Haryana,Brinjal,07/09/2025,3500
Haryana,Mousambi(Sweet Lime),07/09/2025,3500
Haryana,Onion,07/09/2025,2000
Haryana,Apple,07/09/2025,10000
Haryana,Banana,07/09/2025,2200
Haryana,Bhindi(Ladies Finger),07/09/2025,2650
Haryana,Carrot,07/09/2025,2500
Haryana,Cucumbar(Kheera),07/09/2025,2700
Haryana,French Beans (Frasbean),07/09/2025,6000
Haryana,Green Chilli,07/09/2025,2750
Haryana,Guava,07/09/2025,3900
Haryana,Guava,07/09/2025,2400
Haryana,Mousambi(Sweet Lime),07/09/2025,3500
Haryana,Pomegranate,07/09/2025,13500
Haryana,Potato,07/09/2025,1000
Haryana,Pumpkin,07/09/2025,900
Haryana,Raddish,07/09/2025,1600
Haryana,Onion,07/09/2025,2500
Haryana,Tomato,07/09/2025,4500
Haryana,Onion,07/09/2025,1500
Haryana,Bitter gourd,07/09/2025,3800
Haryana,Pumpkin,07/09/2025,1400
Haryana,Ridgeguard(Tori),07/09/2025,3200
Himachal Pradesh,Banana,07/09/2025,4750
Himachal Pradesh,Onion,07/09/2025,2400
Himachal Pradesh,Tomato,07/09/2025,4250
Karnataka,Alsandikai,07/09/2025,5000
Karnataka,Bitter gourd,07/09/2025,3000
Karnataka,Green Avare (W),07/09/2025,3800
Karnataka,Raddish,07/09/2025,2000
Karnataka,Seemebadnekai,07/09/2025,2000
Karnataka,Snakeguard,07/09/2025,3200
Karnataka,Thondekai,07/09/2025,4300
Kerala,Beetroot,07/09/2025,5000
Kerala,Cauliflower,07/09/2025,6500
Kerala,Coriander(Leaves),07/09/2025,8500
Kerala,Ginger(Green),07/09/2025,8500
Kerala,Beetroot,07/09/2025,6000
Kerala,Bitter gourd,07/09/2025,6000
Kerala,Bhindi(Ladies Finger),07/09/2025,4800
Kerala,Banana,07/09/2025,7000
Kerala,Bhindi(Ladies Finger),07/09/2025,4500
Kerala,Brinjal,07/09/2025,3500
Kerala,Cauliflower,07/09/2025,5000
Kerala,Coconut,07/09/2025,7600
Kerala,Cowpea(Veg),07/09/2025,5500
Kerala,Elephant Yam (Suran),07/09/2025,4000
Kerala,Onion,07/09/2025,4200
Kerala,Apple,07/09/2025,11000
Kerala,Ashgourd,07/09/2025,3400
Kerala,Beetroot,07/09/2025,3500
Kerala,Bottle gourd,07/09/2025,3600
Kerala,Cabbage,07/09/2025,2600
Kerala,Banana - Green,07/09/2025,4150
Kerala,Bitter gourd,07/09/2025,4450
Kerala,Carrot,07/09/2025,6750
Kerala,Cucumbar(Kheera),07/09/2025,3750
Kerala,Onion,07/09/2025,2350
Kerala,Pineapple,07/09/2025,4750
Kerala,Tapioca,07/09/2025,2250
Kerala,Tomato,07/09/2025,4050
Kerala,Banana,07/09/2025,3700
Kerala,Banana - Green,07/09/2025,3400
Kerala,Coconut Seed,07/09/2025,5900
Kerala,Cucumbar(Kheera),07/09/2025,1100
Kerala,Banana,07/09/2025,6000
Kerala,Banana,07/09/2025,6000
Kerala,Carrot,07/09/2025,3500
Kerala,Cucumbar(Kheera),07/09/2025,4000
Kerala,Green Chilli,07/09/2025,8000
Kerala,Snakeguard,07/09/2025,5000
Madhya Pradesh,Maize,07/09/2025,2000
Madhya Pradesh,Bhindi(Ladies Finger),07/09/2025,1200
Madhya Pradesh,Cauliflower,07/09/2025,1000
Madhya Pradesh,Cauliflower,07/09/2025,2200
Madhya Pradesh,Wheat,07/09/2025,2605
Madhya Pradesh,Wheat,07/09/2025,2639
Madhya Pradesh,Wheat,07/09/2025,2620
Madhya Pradesh,Soyabean,07/09/2025,4000
Madhya Pradesh,Wheat,07/09/2025,2596
Madhya Pradesh,Maize,07/09/2025,2235
Madhya Pradesh,Onion,07/09/2025,400
Madhya Pradesh,Wheat,07/09/2025,2650
Madhya Pradesh,Wheat,07/09/2025,2630
Madhya Pradesh,Wheat,07/09/2025,2600
Madhya Pradesh,Wheat,07/09/2025,2650
Madhya Pradesh,Wheat,07/09/2025,2600
Madhya Pradesh,Arhar (Tur/Red Gram)(Whole),07/09/2025,5000
Madhya Pradesh,Paddy(Dhan)(Common),07/09/2025,2000
Madhya Pradesh,Paddy(Dhan)(Common),07/09/2025,2125
Madhya Pradesh,Coriander(Leaves),07/09/2025,7490
Madhya Pradesh,Wheat,07/09/2025,2570
Madhya Pradesh,Wheat,07/09/2025,2580
Madhya Pradesh,Lak(Teora),07/09/2025,3200
Madhya Pradesh,Brinjal,07/09/2025,700
Madhya Pradesh,Cucumbar(Kheera),07/09/2025,800
Madhya Pradesh,Ginger(Green),07/09/2025,1200
Madhya Pradesh,Spinach,07/09/2025,600
Madhya Pradesh,Wheat,07/09/2025,2535
Madhya Pradesh,Wheat,07/09/2025,2610
Madhya Pradesh,Wheat,07/09/2025,2200
Madhya Pradesh,Wheat,07/09/2025,2510
Madhya Pradesh,Wheat,07/09/2025,2549
Maharashtra,Chilly Capsicum,07/09/2025,1800
Maharashtra,Drumstick,07/09/2025,6500
Maharashtra,Garlic,07/09/2025,7000
Maharashtra,Green Chilli,07/09/2025,3500
Maharashtra,Guar,07/09/2025,9000
Maharashtra,Mint(Pudina),07/09/2025,10
Maharashtra,Onion,07/09/2025,1300
Maharashtra,Potato,07/09/2025,1350
Maharashtra,Tomato,07/09/2025,850
Maharashtra,Potato,07/09/2025,1500
Maharashtra,Green Chilli,07/09/2025,2500
Maharashtra,Arhar (Tur/Red Gram)(Whole),07/09/2025,5800
Maharashtra,Jowar(Sorghum),07/09/2025,1750
Maharashtra,Wheat,07/09/2025,2630
Maharashtra,Wheat,07/09/2025,2600
Maharashtra,Coriander(Leaves),07/09/2025,950
Maharashtra,Green Gram (Moong)(Whole),07/09/2025,5245
Maharashtra,Soyabean,07/09/2025,4550
Maharashtra,Bhindi(Ladies Finger),07/09/2025,1200
Maharashtra,Garlic,07/09/2025,9000
Maharashtra,Ginger(Green),07/09/2025,4500
Maharashtra,Tomato,07/09/2025,1700
Maharashtra,Wheat,07/09/2025,2400
Maharashtra,Bottle gourd,07/09/2025,3000
Maharashtra,Black Gram (Urd Beans)(Whole),07/09/2025,6000
Maharashtra,Green Gram (Moong)(Whole),07/09/2025,7000
Maharashtra,Bhindi(Ladies Finger),07/09/2025,5300
Maharashtra,Guar,07/09/2025,7500
Maharashtra,Bottle gourd,07/09/2025,1500
Maharashtra,Cabbage,07/09/2025,700
Maharashtra,Chilly Capsicum,07/09/2025,3200
Maharashtra,Green Chilli,07/09/2025,4500
Maharashtra,Guar,07/09/2025,5500
Maharashtra,Sweet Potato,07/09/2025,2500
Maharashtra,Bhindi(Ladies Finger),07/09/2025,3100
Maharashtra,Coriander(Leaves),07/09/2025,6
Maharashtra,Ridgeguard(Tori),07/09/2025,2200
Maharashtra,Tomato,07/09/2025,1000
NCT of Delhi,Fish,07/09/2025,13000
Odisha,Brinjal,07/09/2025,2600
Odisha,Tomato,07/09/2025,3300
Odisha,Bitter gourd,07/09/2025,6000
Odisha,Cabbage,07/09/2025,4000
Odisha,Potato,07/09/2025,1500
Odisha,Onion,07/09/2025,2500
Odisha,Onion,07/09/2025,2000
Odisha,Beans,07/09/2025,8200
Odisha,Bitter gourd,07/09/2025,4800
Odisha,Potato,07/09/2025,1800
Punjab,Bottle gourd,07/09/2025,250
Punjab,Capsicum,07/09/2025,4500
Punjab,Brinjal,07/09/2025,3800
Punjab,Garlic,07/09/2025,9000
Punjab,Pumpkin,07/09/2025,1200
Punjab,Apple,07/09/2025,7500
Punjab,Cucumbar(Kheera),07/09/2025,3250
Punjab,Pomegranate,07/09/2025,12000
Punjab,Garlic,07/09/2025,7000
Punjab,Pumpkin,07/09/2025,2800
Rajasthan,Mustard,07/09/2025,6800
Tripura,Bhindi(Ladies Finger),07/09/2025,12500
Tripura,Brinjal,07/09/2025,3950
Tripura,Cucumbar(Kheera),07/09/2025,4950
Tripura,Rice,07/09/2025,3950
Tripura,Onion,07/09/2025,2800
Uttar Pradesh,Onion,07/09/2025,1400
Uttar Pradesh,Potato,07/09/2025,815
Uttar Pradesh,Colacasia,07/09/2025,1200
Uttar Pradesh,Ginger(Green),07/09/2025,3500
Uttar Pradesh,Green Chilli,07/09/2025,2900
Uttar Pradesh,Little gourd (Kundru),07/09/2025,1500
Uttar Pradesh,Onion,07/09/2025,1500
Uttar Pradesh,Pointed gourd (Parval),07/09/2025,1900
Uttar Pradesh,Pumpkin,07/09/2025,800
Uttar Pradesh,Banana,07/09/2025,2100
Uttar Pradesh,Potato,07/09/2025,1000
Uttar Pradesh,Potato,07/09/2025,650
Uttar Pradesh,Pumpkin,07/09/2025,1400
Uttar Pradesh,Potato,07/09/2025,1030
Uttar Pradesh,Tomato,07/09/2025,2850
Uttar Pradesh,Bitter gourd,07/09/2025,1700
Uttar Pradesh,Banana - Green,07/09/2025,1700
Uttar Pradesh,Bottle gourd,07/09/2025,1460
Uttar Pradesh,Ginger(Green),07/09/2025,3925
Uttar Pradesh,Green Gram Dal (Moong Dal),07/09/2025,9700
Uttar Pradesh,Maize,07/09/2025,2265
Uttar Pradesh,Onion,07/09/2025,1450
Uttar Pradesh,Papaya,07/09/2025,2840
Uttar Pradesh,Potato,07/09/2025,1035
Uttar Pradesh,Brinjal,07/09/2025,850
Uttar Pradesh,Cauliflower,07/09/2025,1450
Uttar Pradesh,Colacasia,07/09/2025,1850
Uttar Pradesh,Green Chilli,07/09/2025,2850
Uttar Pradesh,Guava,07/09/2025,2680
Uttar Pradesh,Potato,07/09/2025,850
Uttar Pradesh,Onion,07/09/2025,1385
Uttar Pradesh,Arhar Dal(Tur Dal),07/09/2025,9865
Uttar Pradesh,Bhindi(Ladies Finger),07/09/2025,1625
Uttar Pradesh,Onion,07/09/2025,1425
Uttar Pradesh,Pomegranate,07/09/2025,6070
Uttar Pradesh,Potato,07/09/2025,990
Uttar Pradesh,Tomato,07/09/2025,2680
Uttar Pradesh,Wheat,07/09/2025,2425
Uttar Pradesh,Bengal Gram(Gram)(Whole),07/09/2025,5650
Uttar Pradesh,Bitter gourd,07/09/2025,2300
Uttar Pradesh,Garlic,07/09/2025,5550
Uttar Pradesh,Ginger(Green),07/09/2025,3750
Uttar Pradesh,Onion,07/09/2025,1425
Uttar Pradesh,Pomegranate,07/09/2025,5900
Uttar Pradesh,Potato,07/09/2025,1100
Uttar Pradesh,Raddish,07/09/2025,2110
Uttar Pradesh,Ridgeguard(Tori),07/09/2025,2100
Uttar Pradesh,Wheat,07/09/2025,2530
Uttar Pradesh,Wheat,07/09/2025,2525
Uttar Pradesh,White Peas,07/09/2025,3300
Uttar Pradesh,Brinjal,07/09/2025,1785
Uttar Pradesh,Wheat,07/09/2025,2500
Uttar Pradesh,Bitter gourd,07/09/2025,2260
Uttar Pradesh,Black Gram Dal (Urd Dal),07/09/2025,9900
Uttar Pradesh,Onion,07/09/2025,1410
Uttar Pradesh,Arhar Dal(Tur Dal),07/09/2025,9530
Uttar Pradesh,Bottle gourd,07/09/2025,1500
Uttar Pradesh,Colacasia,07/09/2025,1780
Uttar Pradesh,Lemon,07/09/2025,3600
Uttar Pradesh,Potato,07/09/2025,965
Uttar Pradesh,Rice,07/09/2025,3350
Uttar Pradesh,Banana,07/09/2025,2500
Uttar Pradesh,Bitter gourd,07/09/2025,1100
Uttar Pradesh,Onion,07/09/2025,1295
Uttar Pradesh,Onion,07/09/2025,1420
Uttar Pradesh,Mustard Oil,07/09/2025,15725
Uttar Pradesh,Papaya,07/09/2025,2800
Uttar Pradesh,Sponge gourd,07/09/2025,1860
Uttar Pradesh,Cucumbar(Kheera),07/09/2025,2000
Uttar Pradesh,Lemon,07/09/2025,4400
Uttar Pradesh,Pumpkin,07/09/2025,1300
Uttar Pradesh,Ridgeguard(Tori),07/09/2025,1800
Uttar Pradesh,Tomato,07/09/2025,3000
Uttrakhand,Wheat,07/09/2025,2490
Uttrakhand,Green Chilli,07/09/2025,2400
Uttrakhand,Papaya,07/09/2025,1600
Uttrakhand,Potato,07/09/2025,1400
Uttrakhand,Pumpkin,07/09/2025,900
West Bengal,Brinjal,07/09/2025,4500
West Bengal,Mustard,07/09/2025,6000
West Bengal,Potato,07/09/2025,1120
West Bengal,Potato,07/09/2025,2000
West Bengal,Onion,07/09/2025,2000
West Bengal,Arhar Dal(Tur Dal),07/09/2025,12000
West Bengal,Green Gram Dal (Moong Dal),07/09/2025,11000
West Bengal,Masur Dal,07/09/2025,9000
West Bengal,Cucumbar(Kheera),07/09/2025,3500
West Bengal,Green Chilli,07/09/2025,8200
West Bengal,Paddy(Dhan)(Common),07/09/2025,2320
West Bengal,Sweet Pumpkin,07/09/2025,2200
West Bengal,Jute,07/09/2025,7500
West Bengal,Onion,07/09/2025,2045
West Bengal,Mustard,07/09/2025,6450
West Bengal,Green Chilli,07/09/2025,3850
West Bengal,Brinjal,07/09/2025,5000
West Bengal,Potato,07/09/2025,1400
West Bengal,Pumpkin,07/09/2025,1400
West Bengal,Tomato,07/09/2025,2700
West Bengal,Ginger(Dry),07/09/2025,6450
West Bengal,Mustard,07/09/2025,7050
West Bengal,Onion,07/09/2025,1700
West Bengal,Paddy(Dhan)(Common),07/09/2025,2320
West Bengal,Brinjal,07/09/2025,3100
West Bengal,Jute,07/09/2025,7900
West Bengal,Onion,07/09/2025,2000
West Bengal,Potato,07/09/2025,1240
West Bengal,Rice,07/09/2025,4040
West Bengal,Mustard,07/09/2025,6150
West Bengal,Mustard Oil,07/09/2025,15400
West Bengal,Mustard Oil,07/09/2025,18350
West Bengal,Potato,07/09/2025,1220
West Bengal,Pumpkin,07/09/2025,1900
Andhra Pradesh,Tomato,07/09/2025,1400
Andhra Pradesh,Tomato,07/09/2025,2100
Chandigarh,Ginger(Green),07/09/2025,3000
Chandigarh,Lemon,07/09/2025,2800
Chandigarh,Onion,07/09/2025,1200
Chandigarh,Pomegranate,07/09/2025,8000
Chandigarh,Potato,07/09/2025,1400
Chandigarh,Pumpkin,07/09/2025,1200
Gujarat,Bitter gourd,07/09/2025,2500
Gujarat,Tomato,07/09/2025,3000
Gujarat,Cotton,07/09/2025,6900
Gujarat,Tomato,07/09/2025,1800
Gujarat,Coriander(Leaves),07/09/2025,1350
Gujarat,Potato,07/09/2025,850
Gujarat,Bhindi(Ladies Finger),07/09/2025,1200
Gujarat,Lemon,07/09/2025,3800
Gujarat,Tomato,07/09/2025,1600
Gujarat,Cauliflower,07/09/2025,3250
Gujarat,Cluster beans,07/09/2025,3750
Gujarat,Cowpea(Veg),07/09/2025,5500
Gujarat,Lemon,07/09/2025,4250
Gujarat,Methi(Leaves),07/09/2025,5500
Haryana,Bottle gourd,07/09/2025,1240
Haryana,Potato,07/09/2025,1360
Haryana,Banana,07/09/2025,2500
Haryana,Bhindi(Ladies Finger),07/09/2025,2000
Haryana,Brinjal,07/09/2025,2000
Haryana,Pomegranate,07/09/2025,9000
Haryana,Leafy Vegetable,07/09/2025,2400
Haryana,Pomegranate,07/09/2025,11000
Haryana,Pineapple,07/09/2025,3300
Haryana,Pumpkin,07/09/2025,1200
Haryana,Apple,07/09/2025,7000
Haryana,Lemon,07/09/2025,3250
Haryana,Onion,07/09/2025,1800
Haryana,Plum,07/09/2025,11000
Haryana,Pomegranate,07/09/2025,9000
Haryana,Potato,07/09/2025,800
Haryana,Spinach,07/09/2025,2250
Haryana,Sponge gourd,07/09/2025,1800
Haryana,Apple,07/09/2025,5500
Haryana,Potato,07/09/2025,1100
Haryana,Green Chilli,07/09/2025,750
Haryana,Potato,07/09/2025,1300
Haryana,Tomato,07/09/2025,1800
Haryana,Apple,07/09/2025,5800
Haryana,Banana,07/09/2025,2800
Haryana,Bhindi(Ladies Finger),07/09/2025,3800
Haryana,Ginger(Green),07/09/2025,6800
Haryana,Mousambi(Sweet Lime),07/09/2025,3800
Haryana,Tomato,07/09/2025,2800
Haryana,Yam (Ratalu),07/09/2025,3500
Himachal Pradesh,Colacasia,07/09/2025,4250
Karnataka,Beetroot,07/09/2025,2300
Karnataka,Cabbage,07/09/2025,700
Karnataka,Ginger(Green),07/09/2025,5500
Karnataka,Ridgeguard(Tori),07/09/2025,2800
Karnataka,Sweet Pumpkin,07/09/2025,2200
Kerala,Banana,07/09/2025,4000
Kerala,Amaranthus,07/09/2025,6500
Kerala,Amphophalus,07/09/2025,3500
Kerala,Bhindi(Ladies Finger),07/09/2025,5500
Kerala,Bitter gourd,07/09/2025,4500
Kerala,Capsicum,07/09/2025,8500
Kerala,Cucumbar(Kheera),07/09/2025,4500
Kerala,Cabbage,07/09/2025,1500
Kerala,Banana,07/09/2025,3200
Kerala,Banana,07/09/2025,5000
Kerala,Carrot,07/09/2025,10000
Kerala,Onion,07/09/2025,3000
Kerala,Bitter gourd,07/09/2025,4500
Kerala,Cabbage,07/09/2025,4500
Kerala,Drumstick,07/09/2025,6000
Kerala,Mango (Raw-Ripe),07/09/2025,6000
Kerala,Amaranthus,07/09/2025,3600
Kerala,Bhindi(Ladies Finger),07/09/2025,4200
Kerala,Bitter gourd,07/09/2025,6500
Kerala,Coconut Seed,07/09/2025,6500
Kerala,Cucumbar(Kheera),07/09/2025,3800
Kerala,Drumstick,07/09/2025,7500
Kerala,Green Chilli,07/09/2025,6900
Kerala,Beetroot,07/09/2025,2550
Kerala,Bhindi(Ladies Finger),07/09/2025,3950
Kerala,Brinjal,07/09/2025,4350
Kerala,Cabbage,07/09/2025,1650
Kerala,Cauliflower,07/09/2025,2450
Kerala,Cowpea(Veg),07/09/2025,5550
Kerala,Elephant Yam (Suran),07/09/2025,4550
Kerala,Ginger(Green),07/09/2025,7550
Kerala,Green Chilli,07/09/2025,4550
Kerala,Little gourd (Kundru),07/09/2025,5750
Kerala,Papaya,07/09/2025,2750
Kerala,Potato,07/09/2025,2550
Kerala,Water Melon,07/09/2025,1850
Kerala,Bhindi(Ladies Finger),07/09/2025,2400
Kerala,Bottle gourd,07/09/2025,1900
Kerala,Snakeguard,07/09/2025,1900
Kerala,Cowpea(Veg),07/09/2025,4800
Kerala,Cowpea(Veg),07/09/2025,3000
Kerala,Banana,07/09/2025,2800
Kerala,Banana,07/09/2025,6000
Kerala,Bitter gourd,07/09/2025,4800
Kerala,Pumpkin,07/09/2025,2000
Madhya Pradesh,Wheat,07/09/2025,2500
Madhya Pradesh,Maize,07/09/2025,1900
Madhya Pradesh,Wheat,07/09/2025,2570
Madhya Pradesh,Wheat,07/09/2025,2550
Madhya Pradesh,Maize,07/09/2025,2115
Madhya Pradesh,Bengal Gram(Gram)(Whole),07/09/2025,5500
Madhya Pradesh,Wheat,07/09/2025,2210
Madhya Pradesh,Paddy(Dhan)(Common),07/09/2025,2100
Madhya Pradesh,Wheat,07/09/2025,2540
Madhya Pradesh,Paddy(Dhan)(Common),07/09/2025,2141
Madhya Pradesh,Bengal Gram(Gram)(Whole),07/09/2025,5240
Madhya Pradesh,Wheat,07/09/2025,2400
Madhya Pradesh,Wheat,07/09/2025,2410
Madhya Pradesh,Sponge gourd,07/09/2025,1100
Madhya Pradesh,Tomato,07/09/2025,2200
Madhya Pradesh,Wheat,07/09/2025,2550
Madhya Pradesh,Wheat,07/09/2025,2550
Madhya Pradesh,Soyabean,07/09/2025,4235
Madhya Pradesh,Paddy(Dhan)(Common),07/09/2025,2110
Madhya Pradesh,Wheat,07/09/2025,2500
Maharashtra,Onion,07/09/2025,1375
Maharashtra,Beans,07/09/2025,4000
Maharashtra,Beetroot,07/09/2025,2000
Maharashtra,Bitter gourd,07/09/2025,2550
Maharashtra,Bottle gourd,07/09/2025,850
Maharashtra,Cauliflower,07/09/2025,1200
Maharashtra,Guava,07/09/2025,1500
Maharashtra,Mango (Raw-Ripe),07/09/2025,2850
Maharashtra,Pomegranate,07/09/2025,6200
Maharashtra,Seetapal,07/09/2025,3000
Maharashtra,Spinach,07/09/2025,7
Maharashtra,Bajra(Pearl Millet/Cumbu),07/09/2025,2790
Maharashtra,Green Gram (Moong)(Whole),07/09/2025,5100
Maharashtra,Bitter gourd,07/09/2025,2200
Maharashtra,Ridgeguard(Tori),07/09/2025,1600
Maharashtra,Cabbage,07/09/2025,1100
Maharashtra,Guar,07/09/2025,5000
Maharashtra,Spinach,07/09/2025,7
Maharashtra,Soyabean,07/09/2025,4400
Maharashtra,Bhindi(Ladies Finger),07/09/2025,3500
Maharashtra,Carrot,07/09/2025,2500
Maharashtra,Cauliflower,07/09/2025,2250
Maharashtra,Cucumbar(Kheera),07/09/2025,1500
Maharashtra,Ginger(Green),07/09/2025,2250
Maharashtra,Green Chilli,07/09/2025,2500
NCT of Delhi,Fish,07/09/2025,7000
NCT of Delhi,Fish,07/09/2025,42000
NCT of Delhi,Fish,07/09/2025,22500
NCT of Delhi,Fish,07/09/2025,20000
NCT of Delhi,Fish,07/09/2025,35000
Odisha,Onion,07/09/2025,1500
Odisha,Potato,07/09/2025,1400
Odisha,Cabbage,07/09/2025,3200
Odisha,Pointed gourd (Parval),07/09/2025,6000
Odisha,Potato,07/09/2025,2000
Odisha,Pumpkin,07/09/2025,1500
Odisha,Pumpkin,07/09/2025,1500
Odisha,Bhindi(Ladies Finger),07/09/2025,6200
Odisha,Cucumbar(Kheera),07/09/2025,4500
Punjab,Green Chilli,07/09/2025,3500
Punjab,Capsicum,07/09/2025,7500
Punjab,Cucumbar(Kheera),07/09/2025,4500
Punjab,Green Chilli,07/09/2025,4200
Punjab,Onion,07/09/2025,2200
Punjab,Potato,07/09/2025,1200
Punjab,Bhindi(Ladies Finger),07/09/2025,4000
Punjab,Brinjal,07/09/2025,3000
Punjab,Cowpea(Veg),07/09/2025,3500
Punjab,Garlic,07/09/2025,8000
Punjab,Pumpkin,07/09/2025,1100
Punjab,Tomato,07/09/2025,4500
Punjab,Apple,07/09/2025,3200
Punjab,Bhindi(Ladies Finger),07/09/2025,3200
Punjab,Brinjal,07/09/2025,2600
Rajasthan,Wheat,07/09/2025,2450
Telangana,Paddy(Dhan)(Common),07/09/2025,2320
Tripura,Cowpea(Veg),07/09/2025,7950
Tripura,Paddy(Dhan)(Common),07/09/2025,2250
Tripura,Bhindi(Ladies Finger),07/09/2025,3250
Tripura,Brinjal,07/09/2025,2250
Tripura,Rice,07/09/2025,3350
Uttar Pradesh,Tomato,07/09/2025,2800
Uttar Pradesh,Bottle gourd,07/09/2025,900
Uttar Pradesh,Brinjal,07/09/2025,1200
Uttar Pradesh,Cauliflower,07/09/2025,1500
Uttar Pradesh,Raddish,07/09/2025,1100
Uttar Pradesh,Tomato,07/09/2025,1800
Uttar Pradesh,Potato,07/09/2025,740
Uttar Pradesh,Wood,07/09/2025,590
Uttar Pradesh,Banana - Green,07/09/2025,1600
Uttar Pradesh,Brinjal,07/09/2025,1000
Uttar Pradesh,Pumpkin,07/09/2025,1000
Uttar Pradesh,Apple,07/09/2025,7600
Uttar Pradesh,Bhindi(Ladies Finger),07/09/2025,1680
Uttar Pradesh,Capsicum,07/09/2025,5300
Uttar Pradesh,Papaya,07/09/2025,2800
Uttar Pradesh,Tomato,07/09/2025,3050
Uttar Pradesh,Apple,07/09/2025,6630
Uttar Pradesh,Bottle gourd,07/09/2025,1420
Uttar Pradesh,Lentil (Masur)(Whole),07/09/2025,7350
Uttar Pradesh,Pumpkin,07/09/2025,1325
Uttar Pradesh,Rice,07/09/2025,3025
Uttar Pradesh,Green Chilli,07/09/2025,4400
Uttar Pradesh,Brinjal,07/09/2025,1750
Uttar Pradesh,Green Chilli,07/09/2025,4000
Uttar Pradesh,Gur(Jaggery),07/09/2025,4295
Uttar Pradesh,Masur Dal,07/09/2025,7850
Uttar Pradesh,Rice,07/09/2025,3300
Uttar Pradesh,Tomato,07/09/2025,2875
Uttar Pradesh,Maize,07/09/2025,2250
Uttar Pradesh,Onion,07/09/2025,1850
Uttar Pradesh,Papaya,07/09/2025,2450
Uttar Pradesh,Onion,07/09/2025,1520
Uttar Pradesh,Apple,07/09/2025,7110
Uttar Pradesh,Bengal Gram(Gram)(Whole),07/09/2025,6620
Uttar Pradesh,Colacasia,07/09/2025,1775
Uttar Pradesh,Cucumbar(Kheera),07/09/2025,1890
Uttar Pradesh,Green Chilli,07/09/2025,3560
Uttar Pradesh,Gur(Jaggery),07/09/2025,4340
Uttar Pradesh,Wheat,07/09/2025,2585
Uttar Pradesh,Potato,07/09/2025,675
Uttar Pradesh,Wheat,07/09/2025,2500
Uttar Pradesh,Brinjal,07/09/2025,1815
Uttar Pradesh,Cucumbar(Kheera),07/09/2025,1875
Uttar Pradesh,Potato,07/09/2025,1165
Uttar Pradesh,Rice,07/09/2025,3500
Uttar Pradesh,Apple,07/09/2025,7050
Uttar Pradesh,Gur(Jaggery),07/09/2025,3940
Uttar Pradesh,Pumpkin,07/09/2025,1500
Uttar Pradesh,Tomato,07/09/2025,2820
Uttar Pradesh,Wheat,07/09/2025,2540
Uttar Pradesh,Soyabean,07/09/2025,4100
Uttar Pradesh,Bottle gourd,07/09/2025,1650
Uttar Pradesh,Gur(Jaggery),07/09/2025,4450
Uttar Pradesh,Potato,07/09/2025,1110
Uttar Pradesh,Apple,07/09/2025,7100
Uttar Pradesh,Cucumbar(Kheera),07/09/2025,1660
Uttar Pradesh,Field Pea,07/09/2025,4060
Uttar Pradesh,Onion,07/09/2025,1450
Uttar Pradesh,Tomato,07/09/2025,2700
Uttar Pradesh,Wheat,07/09/2025,2535
Uttar Pradesh,Potato,07/09/2025,990
Uttar Pradesh,Tomato,07/09/2025,2900
Uttar Pradesh,Fish,07/09/2025,3300
Uttar Pradesh,Paddy(Dhan)(Common),07/09/2025,2500
Uttar Pradesh,Wheat,07/09/2025,2600
Uttar Pradesh,Apple,07/09/2025,6700
Uttar Pradesh,Banana,07/09/2025,2350
Uttar Pradesh,Barley (Jau),07/09/2025,2340
Uttar Pradesh,Bengal Gram(Gram)(Whole),07/09/2025,6725
Uttar Pradesh,Bhindi(Ladies Finger),07/09/2025,1650
Uttar Pradesh,Bottle gourd,07/09/2025,1275
Uttar Pradesh,Green Chilli,07/09/2025,3750
Uttar Pradesh,Paddy(Dhan)(Common),07/09/2025,2305
Uttar Pradesh,Wheat,07/09/2025,2510
Uttar Pradesh,Bottle gourd,07/09/2025,1000
Uttar Pradesh,Brinjal,07/09/2025,1200
Uttar Pradesh,Cauliflower,07/09/2025,1400
Uttar Pradesh,Tomato,07/09/2025,2250
Uttar Pradesh,Cauliflower,07/09/2025,3850
Uttar Pradesh,Papaya,07/09/2025,2900
Uttar Pradesh,Potato,07/09/2025,1140
Uttar Pradesh,Potato,07/09/2025,1095
Uttar Pradesh,Tomato,07/09/2025,3000
Uttrakhand,Banana,07/09/2025,1000
Uttrakhand,Bottle gourd,07/09/2025,600
Uttrakhand,Onion,07/09/2025,3000
Uttrakhand,Carrot,07/09/2025,1500
Uttrakhand,Cauliflower,07/09/2025,2500
Uttrakhand,Onion,07/09/2025,1200
West Bengal,Bottle gourd,07/09/2025,3000
West Bengal,Bottle gourd,07/09/2025,3000
West Bengal,Brinjal,07/09/2025,4200
West Bengal,Cucumbar(Kheera),07/09/2025,2800
West Bengal,Tomato,07/09/2025,4000
West Bengal,Squash(Chappal Kadoo),07/09/2025,1700
West Bengal,Arhar Dal(Tur Dal),07/09/2025,10500
West Bengal,Green Gram Dal (Moong Dal),07/09/2025,9700
West Bengal,Potato,07/09/2025,1160
West Bengal,Squash(Chappal Kadoo),07/09/2025,1000
West Bengal,Potato,07/09/2025,1500
West Bengal,Rice,07/09/2025,3400
West Bengal,Tomato,07/09/2025,3500
West Bengal,Paddy(Dhan)(Common),07/09/2025,2460
West Bengal,Turmeric,07/09/2025,16750
West Bengal,Potato,07/09/2025,1340
West Bengal,Rice,07/09/2025,3600
West Bengal,Wheat,07/09/2025,2610
West Bengal,Green Chilli,07/09/2025,7000
West Bengal,Potato,07/09/2025,1500
West Bengal,Pumpkin,07/09/2025,1800
West Bengal,Bitter gourd,07/09/2025,4900
West Bengal,Green Chilli,07/09/2025,4200
West Bengal,Papaya (Raw),07/09/2025,1400
West Bengal,Arhar Dal(Tur Dal),07/09/2025,12000
West Bengal,Mustard,07/09/2025,6350
West Bengal,Peas(Dry),07/09/2025,6050
West Bengal,Tomato,07/09/2025,4100
West Bengal,Brinjal,07/09/2025,12000
West Bengal,Masur Dal,07/09/2025,9450
West Bengal,Potato,07/09/2025,1260
West Bengal,Rice,07/09/2025,3100
West Bengal,Tomato,07/09/2025,4450
West Bengal,Wheat,07/09/2025,2650
West Bengal,Potato,07/09/2025,1240
West Bengal,Cucumbar(Kheera),07/09/2025,2900
West Bengal,Onion,07/09/2025,2050
West Bengal,Sweet Pumpkin,07/09/2025,1650
West Bengal,"Sesamum(Sesame,Gingelly,Til)",07/09/2025,6100
